mysql> SELECT *
    -> FROM ProductDetails;
+------------+-----------+-------+----------+
| product_id | seller_id | price | quantity |
+------------+-----------+-------+----------+
|          1 |         1 | 10.99 |      100 |
|          2 |         1 | 20.99 |      200 |
|          3 |         2 | 15.99 |      150 |
|          4 |         2 | 25.99 |      250 |
|          5 |         3 | 12.99 |      120 |
|          6 |         3 | 22.99 |      220 |
|          7 |         4 | 30.99 |      300 |
|          8 |         4 | 35.99 |      350 |
|          9 |         5 | 18.99 |      180 |
|         10 |         5 | 28.99 |      280 |
|          1 |         6 |  9.99 |       98 |<---- Updated
|          2 |         7 | 20.99 |      200 |
|          3 |         8 | 15.99 |      150 |
|          4 |         9 | 25.99 |      250 |
|          5 |        10 | 12.99 |      120 |
|          6 |        11 | 22.99 |      220 |
|          7 |        12 | 30.99 |      300 |
|          8 |        13 | 35.99 |      350 |
|          9 |        14 | 18.99 |      180 |
|         10 |        15 | 28.99 |      280 |
+------------+-----------+-------+----------+
20 rows in set (0.00 sec)

mysql> ROLLBACK;
Query OK, 0 rows affected (0.00 sec)

mysql> SELECT *
    -> FROM ProductDetails;
+------------+-----------+-------+----------+
| product_id | seller_id | price | quantity |
+------------+-----------+-------+----------+
|          1 |         1 | 10.99 |      100 |
|          2 |         1 | 20.99 |      200 |
|          3 |         2 | 15.99 |      150 |
|          4 |         2 | 25.99 |      250 |
|          5 |         3 | 12.99 |      120 |
|          6 |         3 | 22.99 |      220 |
|          7 |         4 | 30.99 |      300 |
|          8 |         4 | 35.99 |      350 |
|          9 |         5 | 18.99 |      180 |
|         10 |         5 | 28.99 |      280 |
|          1 |         6 |  9.99 |      100 |<---- Failed to update, due to rollback
|          2 |         7 | 20.99 |      200 |
|          3 |         8 | 15.99 |      150 |
|          4 |         9 | 25.99 |      250 |
|          5 |        10 | 12.99 |      120 |
|          6 |        11 | 22.99 |      220 |
|          7 |        12 | 30.99 |      300 |
|          8 |        13 | 35.99 |      350 |
|          9 |        14 | 18.99 |      180 |
|         10 |        15 | 28.99 |      280 |
+------------+-----------+-------+----------+
20 rows in set (0.01 sec)